{
  "logistic_regression": {
    "train": {
      "threshold": 0.32025125628140705,
      "auc_roc": 0.6423040752351097,
      "report": {
        "0": {
          "precision": 0.4583333333333333,
          "recall": 0.22,
          "f1-score": 0.2972972972972973,
          "support": 100.0
        },
        "1": {
          "precision": 0.8869565217391304,
          "recall": 0.9592476489028213,
          "f1-score": 0.9216867469879518,
          "support": 638.0
        },
        "accuracy": 0.8590785907859079,
        "macro avg": {
          "precision": 0.6726449275362318,
          "recall": 0.5896238244514107,
          "f1-score": 0.6094920221426245,
          "support": 738.0
        },
        "weighted avg": {
          "precision": 0.8288774989199168,
          "recall": 0.8590785907859079,
          "f1-score": 0.8370811304987031,
          "support": 738.0
        }
      }
    },
    "val": {
      "threshold": 0.32025125628140705,
      "auc_roc": 0.7657004830917875,
      "report": {
        "0": {
          "precision": 0.75,
          "recall": 0.42857142857142855,
          "f1-score": 0.5454545454545454,
          "support": 21.0
        },
        "1": {
          "precision": 0.9183673469387755,
          "recall": 0.9782608695652174,
          "f1-score": 0.9473684210526315,
          "support": 138.0
        },
        "accuracy": 0.9056603773584906,
        "macro avg": {
          "precision": 0.8341836734693877,
          "recall": 0.703416149068323,
          "f1-score": 0.7464114832535884,
          "support": 159.0
        },
        "weighted avg": {
          "precision": 0.8961301501732769,
          "recall": 0.9056603773584906,
          "f1-score": 0.8942854563509975,
          "support": 159.0
        }
      }
    },
    "test": {
      "threshold": 0.32025125628140705,
      "auc_roc": 0.7643202208419599,
      "report": {
        "0": {
          "precision": 0.42857142857142855,
          "recall": 0.2857142857142857,
          "f1-score": 0.34285714285714286,
          "support": 21.0
        },
        "1": {
          "precision": 0.896551724137931,
          "recall": 0.9420289855072463,
          "f1-score": 0.9187279151943463,
          "support": 138.0
        },
        "accuracy": 0.8553459119496856,
        "macro avg": {
          "precision": 0.6625615763546798,
          "recall": 0.6138716356107661,
          "f1-score": 0.6307925290257446,
          "support": 159.0
        },
        "weighted avg": {
          "precision": 0.8347430058555627,
          "recall": 0.8553459119496856,
          "f1-score": 0.8426695113007533,
          "support": 159.0
        }
      }
    }
  },
  "xgboost": {
    "train": {
      "threshold": 0.1577386934673367,
      "auc_roc": 1.0,
      "report": {
        "0": {
          "precision": 1.0,
          "recall": 1.0,
          "f1-score": 1.0,
          "support": 100.0
        },
        "1": {
          "precision": 1.0,
          "recall": 1.0,
          "f1-score": 1.0,
          "support": 638.0
        },
        "accuracy": 1.0,
        "macro avg": {
          "precision": 1.0,
          "recall": 1.0,
          "f1-score": 1.0,
          "support": 738.0
        },
        "weighted avg": {
          "precision": 1.0,
          "recall": 1.0,
          "f1-score": 1.0,
          "support": 738.0
        }
      }
    },
    "val": {
      "threshold": 0.1577386934673367,
      "auc_roc": 0.8878536922015183,
      "report": {
        "0": {
          "precision": 0.8571428571428571,
          "recall": 0.2857142857142857,
          "f1-score": 0.42857142857142855,
          "support": 21.0
        },
        "1": {
          "precision": 0.9013157894736842,
          "recall": 0.9927536231884058,
          "f1-score": 0.9448275862068966,
          "support": 138.0
        },
        "accuracy": 0.89937106918239,
        "macro avg": {
          "precision": 0.8792293233082706,
          "recall": 0.6392339544513457,
          "f1-score": 0.6866995073891625,
          "support": 159.0
        },
        "weighted avg": {
          "precision": 0.8954816285998013,
          "recall": 0.89937106918239,
          "f1-score": 0.8766428106701366,
          "support": 159.0
        }
      }
    },
    "test": {
      "threshold": 0.1577386934673367,
      "auc_roc": 0.8481711525189787,
      "report": {
        "0": {
          "precision": 1.0,
          "recall": 0.23809523809523808,
          "f1-score": 0.38461538461538464,
          "support": 21.0
        },
        "1": {
          "precision": 0.8961038961038961,
          "recall": 1.0,
          "f1-score": 0.9452054794520548,
          "support": 138.0
        },
        "accuracy": 0.89937106918239,
        "macro avg": {
          "precision": 0.948051948051948,
          "recall": 0.6190476190476191,
          "f1-score": 0.6649104320337197,
          "support": 159.0
        },
        "weighted avg": {
          "precision": 0.9098260230335703,
          "recall": 0.89937106918239,
          "f1-score": 0.8711652782472115,
          "support": 159.0
        }
      }
    }
  }
}